IE_XML_ID;IE_NAME;IE_ID;IE_ACTIVE;IE_ACTIVE_FROM;IE_ACTIVE_TO;IE_PREVIEW_PICTURE;IE_PREVIEW_TEXT;IE_PREVIEW_TEXT_TYPE;IE_DETAIL_PICTURE;IE_DETAIL_TEXT;IE_DETAIL_TEXT_TYPE;IE_CODE;IE_SORT;IE_TAGS;IC_GROUP0;IC_GROUP1;IC_GROUP2
3;Article title 1;3;Y;30.12.2019 12:13:43;30.01.2020 12:13:00;/upload/iblock/d50/d50fe0a2d94f29892d407d06fa006bb9.jpg;Lorem ipsum dolor sit amet, consectetur adipiscing elit..;text;/upload/iblock/b1b/b1b8ee57321001dd6ed7a6ce64aef64e.jpg;"<p>Lorem ipsum dolor sit amet, consectetur adipiscing elit, sed do eiusmod tempor incididunt ut labore et dolore magna aliqua. Lobortis feugiat vivamus at augue eget. Aliquet nec ullamcorper sit amet risus. Dignissim enim sit amet venenatis urna cursus eget. Turpis egestas pretium aenean pharetra magna ac placerat. Sed tempus urna et pharetra pharetra massa massa ultricies. Risus nullam eget felis eget nunc lobortis. Vel eros donec ac odio tempor orci dapibus ultrices in. Quisque id diam vel quam. Faucibus et molestie ac feugiat sed lectus vestibulum mattis. Suspendisse faucibus interdum posuere lorem ipsum dolor. Non odio euismod lacinia at quis risus. Purus viverra accumsan in nisl nisi. Dolor sit amet consectetur adipiscing elit. Semper auctor neque vitae tempus quam pellentesque nec nam aliquam. Pharetra vel turpis nunc eget lorem dolor sed viverra. Elit ut aliquam purus sit amet luctus venenatis lectus magna. Pretium viverra suspendisse potenti nullam ac tortor vitae.</p>
                        <p>Quisque egestas diam in arcu cursus. Blandit libero volutpat sed cras ornare arcu dui. Scelerisque mauris pellentesque pulvinar pellentesque habitant morbi. Praesent semper feugiat nibh sed pulvinar. Posuere ac ut consequat semper. Semper risus in hendrerit gravida rutrum quisque. Lacus viverra vitae congue eu consequat ac. Nulla malesuada pellentesque elit eget gravida cum sociis natoque penatibus. Sapien nec sagittis aliquam malesuada. Ultricies leo integer malesuada nunc vel. Mattis ullamcorper velit sed ullamcorper morbi. Nec ullamcorper sit amet risus nullam eget felis. Amet consectetur adipiscing elit duis tristique sollicitudin. Etiam sit amet nisl purus in. Dignissim sodales ut eu sem integer.</p>
                        <p>Viverra mauris in aliquam sem fringilla ut. Quis varius quam quisque id diam vel quam. Molestie ac feugiat sed lectus. Metus vulputate eu scelerisque felis imperdiet proin. Vitae auctor eu augue ut lectus arcu bibendum at varius. Vestibulum lorem sed risus ultricies. Egestas erat imperdiet sed euismod nisi porta lorem mollis aliquam. Leo urna molestie at elementum. Ac felis donec et odio. Tristique nulla aliquet enim tortor at auctor urna nunc. Velit ut tortor pretium viverra suspendisse. Tempor nec feugiat nisl pretium fusce. Aliquet nibh praesent tristique magna sit. Nibh nisl condimentum id venenatis. Augue neque gravida in fermentum et sollicitudin ac. Tempus imperdiet nulla malesuada pellentesque elit eget gravida. Et odio pellentesque diam volutpat commodo sed egestas. Scelerisque viverra mauris in aliquam.</p>
                        <p>Turpis massa sed elementum tempus egestas sed sed. Fusce id velit ut tortor pretium viverra suspendisse potenti nullam. Quam lacus suspendisse faucibus interdum posuere lorem ipsum. Odio morbi quis commodo odio aenean sed adipiscing. Vulputate enim nulla aliquet porttitor. Sed augue lacus viverra vitae. Cum sociis natoque penatibus et magnis dis parturient. Ac turpis egestas sed tempus urna et pharetra. Blandit massa enim nec dui nunc mattis enim. Cras sed felis eget velit aliquet sagittis id consectetur purus. Bibendum at varius vel pharetra. Porta lorem mollis aliquam ut porttitor leo a. Eu turpis egestas pretium aenean pharetra magna. Praesent elementum facilisis leo vel fringilla est ullamcorper. Quisque non tellus orci ac auctor. Scelerisque eu ultrices vitae auctor eu augue. Malesuada fames ac turpis egestas integer eget aliquet nibh praesent.</p>
                        <p>Odio facilisis mauris sit amet massa vitae tortor condimentum lacinia. Aliquet eget sit amet tellus cras adipiscing. Dui accumsan sit amet nulla facilisi. Ridiculus mus mauris vitae ultricies leo integer malesuada nunc vel. Nisi scelerisque eu ultrices vitae auctor eu augue ut lectus. Pellentesque adipiscing commodo elit at imperdiet dui accumsan sit amet. Aliquet nibh praesent tristique magna. At urna condimentum mattis pellentesque id. Et netus et malesuada fames ac turpis. Sit amet nulla facilisi morbi tempus iaculis urna id volutpat. Magna fringilla urna porttitor rhoncus. Sem viverra aliquet eget sit amet tellus cras adipiscing enim. At augue eget arcu dictum. Malesuada bibendum arcu vitae elementum curabitur vitae.</p>";html;article-title-1;500;;;;
4;Article title 2;4;Y;30.12.2019 12:21:18;30.01.2020 12:21:00;/upload/iblock/b75/b756a547a6dc5c0846bd755dcb50cfb2.jpg;Zombie ipsum reversus ab viral inferno...;text;/upload/iblock/65a/65ab7170b7802ffe38266468d97d4196.jpg;"<p>Zombie ipsum reversus ab viral inferno, nam rick grimes malum cerebro. De carne lumbering animata corpora quaeritis. Summus brains sit​​, morbo vel maleficia? De apocalypsi gorger omero undead survivor dictum mauris. Hi mindless mortuis soulless creaturas, imo evil stalking monstra adventus resi dentevil vultus comedat cerebella viventium. Qui animated corpse, cricket bat max brucks terribilem incessu zomby. The voodoo sacerdos flesh eater, suscitat mortuos comedere carnem virus. Zonbi tattered for solum oculi eorum defunctis go lum cerebro. Nescio brains an Undead zombies. Sicut malus putrid voodoo horror. Nigh tofth eliv ingdead.</p>
                        <p>Cum horribilem walking dead resurgere de crazed sepulcris creaturis, zombie sicut de grave feeding iride et serpens. Pestilentia, shaun ofthe dead scythe animated corpses ipsa screams. Pestilentia est plague haec decaying ambulabat mortuos. Sicut zeder apathetic malus voodoo. Aenean a dolor plan et terror soulless vulnerum contagium accedunt, mortui iam vivam unlife. Qui tardius moveri, brid eof reanimator sed in magna copia sint terribiles undeath legionis. Alii missing oculis aliorum sicut serpere crabs nostram. Putridi braindead odores kill and infect, aere implent left four dead.</p>
                        <p>Lucio fulci tremor est dark vivos magna. Expansis creepy arm yof darkness ulnis witchcraft missing carnem armis Kirkman Moore and Adlard caeruleum in locis. Romero morbo Congress amarus in auras. Nihil horum sagittis tincidunt, zombie slack-jawed gelida survival portenta. The unleashed virus est, et iam zombie mortui ambulabunt super terram. Souless mortuum glassy-eyed oculos attonitos indifferent back zom bieapoc alypse. An hoc dead snow braaaiiiins sociopathic incipere Clairvius Narcisse, an ante? Is bello mundi z?</p>
                        <p>In Craven omni memoria patriae zombieland clairvius narcisse religionis sunt diri undead historiarum. Golums, zombies unrelenting et Raimi fascinati beheading. Maleficia! Vel cemetery man a modern bursting eyeballs perhsaps morbi. A terrenti flesh contagium. Forsitan deadgurl illud corpse Apocalypsi, vel staggering malum zomby poenae chainsaw zombi horrifying fecimus burial ground. Indeflexus shotgun coup de poudre monstra per plateas currere. Fit de decay nostra carne undead. Poenitentiam violent zom biehig hway agite RE:dead pœnitentiam! Vivens mortua sunt apud nos night of the living dead.</p>
                        <p>Whyt zomby Ut fames after death cerebro virus enim carnis grusome, viscera et organa viventium. Sicut spargit virus ad impetum, qui supersumus flesh eating. Avium, brains guts, ghouls, unholy canum, fugere ferae et infecti horrenda monstra. Videmus twenty-eight deformis pale, horrenda daemonum. Panduntur brains portae rotting inferi. Finis accedens walking deadsentio terrore perterritus et twen tee ate daze leighter taedium wal kingdead. The horror, monstra epidemic significant finem. Terror brains sit unum viral superesse undead sentit, ut caro eaters maggots, caule nobis.</p>";html;article-title-2;500;;;;
5;Article title 3;5;Y;30.12.2019 12:23:20;30.01.2020 12:23:00;/upload/iblock/c3e/c3e9695b97ad90abfed82cbe1a97b4c6.jpg;Zombies reversus ab inferno, nam malum cerebro...;text;/upload/iblock/7a1/7a1279a2e9406048edebc5f59e470cf8.jpg;"<p>Zombies reversus ab inferno, nam malum cerebro. De carne animata corpora quaeritis. Summus sit​​, morbo vel maleficia? De Apocalypsi undead dictum mauris. Hi mortuis soulless creaturas, imo monstra adventus vultus comedat cerebella viventium. Qui offenderit rapto, terribilem incessu. The voodoo sacerdos suscitat mortuos comedere carnem. Search for solum oculi eorum defunctis cerebro. Nescio an Undead zombies. Sicut malus movie horror.</p>
                        <p>Cum horribilem resurgere de sepulcris creaturis, sicut de iride et serpens. Pestilentia, ipsa screams. Pestilentia est haec ambulabat mortuos. Sicut malus voodoo. Aenean a dolor vulnerum aperire accedunt, mortui iam vivam. Qui tardius moveri, sed in magna copia sint terribiles legionis. Alii missing oculis aliorum sicut serpere crabs nostram. Putridi odores aere implent.</p>
                        <p>Tremor est vivos magna. Expansis ulnis video missing carnem armis caeruleum in locis. A morbo amarus in auras. Nihil horum sagittis tincidunt, gelida portenta. The unleashed virus est, et iam mortui ambulabunt super terram. Souless mortuum oculos attonitos back zombies. An hoc incipere Clairvius Narcisse, an ante? Is bello mundi z?</p>
                        <p>In omni memoria patriae religionis sunt diri undead historiarum. Golums, zombies et fascinati. Maleficia! Vel a modern perhsaps morbi. A terrenti contagium. Forsitan illud Apocalypsi, vel malum poenae horrifying fecimus. Indeflexus monstra per plateas currere. Fit de nostra carne undead. Poenitentiam agite pœnitentiam! Vivens mortua sunt apud nos.</p>
                        <p>Ut fames cerebro enim carnis, viscera et organa viventium. Sicut spargit virus ad impetum, qui supersumus. Avium, canum, fugere ferae et infecti horrenda monstra. Videmus deformis horrenda daemonum. Panduntur portae inferi. Finis accedens sentio terrore perterritus et taedium. The horror, monstra significant finem. Terror sit unum superesse sentit, ut caro eaters caule nobis.</p>";html;article-title-3;500;;;;
6;Article title 4;6;Y;30.12.2019 12:24:58;30.01.2020 12:25:00;/upload/iblock/158/158d4ca7c296637a4dd69cc5d6b96570.jpg;Bacon ipsum dolor amet jerky drumstick burgdoggen...;text;/upload/iblock/c91/c91f0ff47fbec523b883b71a3f8f3da5.jpg;"<p>Bacon ipsum dolor amet jerky drumstick burgdoggen buffalo landjaeger jowl pancetta turkey shoulder. Pork chop chislic shank kevin. Pork chop flank alcatra, pork belly ham hock turducken capicola cupim tongue rump ham biltong. Chicken porchetta jowl, ribeye biltong spare ribs turkey andouille pancetta buffalo meatloaf shank rump sausage.</p>
                        <p>Andouille cow chicken shank brisket meatball turducken tail doner venison. Flank prosciutto beef ribs porchetta buffalo drumstick shoulder bresaola. Porchetta bresaola turducken, pancetta cow jerky pork loin. Prosciutto brisket chuck pork belly sausage pork loin turkey leberkas strip steak alcatra meatball rump biltong capicola. Chislic bresaola tail, filet mignon ball tip chuck frankfurter meatloaf leberkas spare ribs sirloin salami pig.</p>
                        <p>Jowl strip steak turkey, bacon pork loin brisket drumstick leberkas ribeye pig. Pastrami jerky fatback drumstick short loin beef. Bacon leberkas short loin, tail sausage spare ribs shoulder. Tri-tip meatball bresaola spare ribs short loin shankle ham t-bone. Turducken brisket strip steak frankfurter, drumstick tri-tip pork jowl tenderloin meatball chuck pork belly. Porchetta flank ball tip pancetta ribeye landjaeger.</p>
                        <p>Ground round cow capicola beef ribs rump short ribs corned beef pig. Shoulder spare ribs landjaeger picanha, prosciutto strip steak meatloaf filet mignon pig leberkas short loin t-bone capicola andouille. Landjaeger andouille meatball pig porchetta pastrami turkey, biltong pancetta frankfurter. Jerky biltong shankle fatback ham hock bacon, turkey burgdoggen brisket boudin pastrami. Doner jowl biltong salami tri-tip beef, pork chop pastrami strip steak meatloaf. Chicken venison meatloaf, pancetta jerky alcatra filet mignon doner pig short ribs.</p>
                        <p>Pork chop flank prosciutto burgdoggen. Capicola sausage cow, chuck turkey leberkas chislic meatloaf venison jowl prosciutto. Fatback cow boudin chicken biltong sausage strip steak porchetta corned beef. Pork andouille chuck salami shank ham hock fatback t-bone prosciutto ribeye frankfurter jowl brisket beef. Boudin short ribs chicken, capicola short loin meatball filet mignon tenderloin rump tail. Leberkas fatback drumstick pork belly, picanha flank pancetta sausage boudin short ribs. Pork jerky salami kielbasa porchetta drumstick pancetta beef ribs.</p>  ";html;article-title-4;500;;;;
7;Article title 5;7;Y;30.12.2019 12:26:37;30.01.2020 12:26:00;/upload/iblock/762/762e002c0a719b0e067b8888f2f4c53c.jpg;Apple pie dragée jelly muffin chocolate...;text;/upload/iblock/418/4181301fa762965b083505d813b4c0b6.jpg;"<p>Apple pie dragée jelly muffin chocolate. Cheesecake candy canes cheesecake lemon drops apple pie pastry soufflé. Lemon drops gingerbread fruitcake croissant soufflé cheesecake powder bonbon cookie. Danish donut tart liquorice. Tart halvah dessert tiramisu. Bonbon jelly beans lemon drops chupa chups pastry. Gummies candy cake. Marshmallow powder muffin cotton candy. Brownie cupcake carrot cake chocolate. Croissant chocolate cake jujubes danish muffin caramels fruitcake carrot cake cookie. Gingerbread chocolate cake donut bear claw jujubes biscuit. Jelly-o candy canes chocolate bar dessert jelly marzipan dragée. Pudding chocolate cake bonbon pudding dessert icing ice cream.</p>
                        <p>Lollipop gingerbread gummi bears dragée tart toffee candy canes chocolate croissant. Gingerbread bonbon tiramisu jelly beans chocolate bar. Dragée topping muffin tiramisu sweet. Powder tart cake lollipop bear claw apple pie tart. Pie sweet roll candy danish danish pudding candy. Marshmallow sugar plum tart jelly beans bear claw cupcake chupa chups jelly dessert. Topping chupa chups chocolate cake liquorice. Jelly-o jujubes carrot cake cake donut lollipop candy canes bear claw. Cotton candy icing tootsie roll pastry. Sugar plum powder cookie candy jelly carrot cake cake pastry candy canes. Lemon drops pie chocolate cake candy canes chocolate cake. Gummi bears gummies wafer jelly-o carrot cake marzipan. Cake cheesecake candy canes gummi bears jelly.</p>
                        <p>Topping tart gingerbread dessert. Chocolate cake dragée powder topping fruitcake. Liquorice apple pie wafer marshmallow biscuit donut halvah pudding cheesecake. Fruitcake jujubes tootsie roll bonbon. Liquorice muffin oat cake toffee chupa chups liquorice fruitcake. Macaroon soufflé jelly-o caramels donut cupcake pudding pie. Icing liquorice cheesecake sweet roll sweet roll dessert. Bonbon cheesecake candy cake. Topping soufflé chocolate carrot cake marshmallow macaroon tart croissant. Cheesecake cotton candy croissant caramels lollipop cake soufflé chocolate bar marzipan. Apple pie powder bear claw. Cupcake lollipop lemon drops pie wafer ice cream danish. Apple pie gingerbread jelly beans biscuit tart. Danish fruitcake fruitcake liquorice.</p>
                        <p>Pudding dragée gingerbread chupa chups brownie fruitcake fruitcake cheesecake pudding. Chocolate bar danish sweet roll cake sugar plum sesame snaps toffee liquorice. Cotton candy jelly candy canes biscuit chocolate sweet. Muffin tart marshmallow liquorice dessert soufflé chocolate bar tart cupcake. Muffin cake marzipan jujubes pie gingerbread. Cookie cupcake pastry cheesecake cheesecake lemon drops gummies. Candy pudding gummi bears. Muffin sweet roll sweet danish wafer cotton candy. Wafer tart chocolate bar. Tart toffee jelly beans biscuit powder. Cotton candy lollipop sugar plum bonbon sweet gummi bears. Bear claw tootsie roll lemon drops cotton candy cheesecake. Bonbon topping danish sweet roll macaroon lollipop. Ice cream danish brownie lollipop donut lemon drops biscuit dragée.</p>
                        <p>Tiramisu gummi bears pastry jelly. Sweet roll carrot cake liquorice bonbon chocolate tiramisu danish oat cake lemon drops. Chocolate cake wafer muffin chupa chups. Macaroon cupcake pastry brownie chocolate bar powder cheesecake marzipan. Pie chupa chups chocolate cake gummi bears fruitcake sesame snaps fruitcake biscuit cake. Pastry sugar plum muffin. Lollipop lemon drops bear claw topping lollipop cake. Marshmallow donut sugar plum lollipop marzipan. Bear claw candy canes cake gummi bears gummies jelly. Icing cake powder gummi bears cupcake. Carrot cake ice cream soufflé jelly beans. Sugar plum bear claw pie danish icing cupcake chocolate dessert tiramisu. Halvah sweet roll tiramisu sugar plum lollipop jujubes cupcake oat cake.</p>";html;article-title-5;500;;;;
8;Article title 6;8;Y;30.12.2019 12:27:52;30.01.2020 12:27:00;/upload/iblock/5a7/5a71d2528ce686bdb8de7811b64c173a.jpg;Yeah well, you shouldn't drink...;text;/upload/iblock/6b2/6b2f29ebff34d0d07de923a3a613dce6.jpg;"<p>Yeah well, you shouldn't drink. Mayor Goldie Wilson, I like the sound of that. Oh hey, Biff, hey, guys, how are you doing? What do you mean you've seen this, it's brand new. You're gonna be in the car with her.</p>
                        <p>Shit. Hello, hello, anybody home? Think, McFly, think. I gotta have time to get them re-typed. Do you realize what would happen if I hand in my reports in your handwriting. I'll get fired. You wouldn't want that to happen would you? Would you? Doc, you gotta help- Oh, then I wanna give her a call, I don't want her to worry about you. I don't know, I can't keep up with all of your boyfriends.</p>
                        <p>Excuse me. Whoa, they really cleaned this place up, looks brand new. But I can't go to the dance, I'll miss my favorite television program, Science Fiction Theater. Will you take care of that? Watch this. Not me, the car, the car. My calculations are correct, when this baby hits eighty-eight miles per hour, your gonna see some serious shit. Watch this, watch this. Ha, what did I tell you, eighty-eight miles per hour. The temporal displacement occurred at exactly 1:20 a.m. and zero seconds.</p>
                        <p>Uh, well, actually, I figured since it wasn't due till Monday- I think it's terrible. Girls chasing boys. When I was your age I never chased a boy, or called a boy, or sat in a parked car with a boy. Look, I'm just not ready to ask Lorraine out to the dance, and not you, nor anybody else on this planet is gonna make me change my mind. Wait a minute. Wait a minute, Doc. Are you telling me that it's 8:25? Good evening, I'm Doctor Emmett Brown. I'm standing on the parking lot of Twin Pines Mall. It's Saturday morning, October 26, 1985, 1:18 a.m. and this is temporal experiment number one. C'mon, Einy, hey hey boy, get in there, that a boy, in you go, get down, that's it.</p>
                        <p>That's a Florence Nightingale effect. It happens in hospitals when nurses fall in love with their patients. Go to it, kid. Whoa, they really cleaned this place up, looks brand new. No. Aw yeah, everything is great. Don't pay any attention to him, he's in one of his moods. Sam, quit fiddling with that thing, come in here to dinner. Now let's see, you already know Lorraine, this is Milton, this is Sally, that's Toby, and over there in the playpen is little baby Joey.</p>";html;article-title-6;500;;;;
9;Article title 7;9;Y;30.12.2019 12:29:10;30.01.2020 12:29:00;/upload/iblock/129/1290a6f119a7f6165515b2ad4b6a74eb.jpg;Busey ipsum dolor sit amet...;text;/upload/iblock/325/32560d208ed7da3238e6c602b9f9bf58.jpg;"<p>Busey ipsum dolor sit amet. Have you urinated? Have you drained your bladder? Are you free? Because if you haven't it will only come out later. I'm giving you some information that your bodily fluids may penetrate your clothing fibre's without warning.You ever roasted doughnuts?</p>
                        <p>You ever roasted doughnuts?The best way to communicate is compatible. Compatible communication is listening with open ears and an open mind, and not being fearful or judgemental about what you're hearing.Sometimes horses cough and fart at the same time, so stay out of the range of its butt muscle because a horses butt muscle is thick.</p>
                        <p>Go with the feeling of the nature. Take it easy. Know why you're here. And remember to balance your internal energy with the environment.The best way to communicate is compatible. Compatible communication is listening with open ears and an open mind, and not being fearful or judgemental about what you're hearing.</p>
                        <p>It's good to yell at people and tell people that you're from Tennesee, so that way you'll be safe.The best way to communicate is compatible. Compatible communication is listening with open ears and an open mind, and not being fearful or judgemental about what you're hearing.</p>
                        <p>Did you feel that? Look at me - I'm not out of breath anymore!When you get lost in your imaginatory vagueness, your foresight will become a nimble vagrant.Go with the feeling of the nature. Take it easy. Know why you're here. And remember to balance your internal energy with the environment.</p>";html;article-title-7;500;;;;
10;Article title 8;10;Y;30.12.2019 12:30:41;30.01.2020 12:30:00;/upload/iblock/be0/be03a1ead7d32f90697be9753396e4d4.jpg;Listen to the silence...;text;/upload/iblock/6b3/6b312a97e2999b98f96895ffb0d39ca3.jpg;"<p>Busey ipsum dolor sit amet. Listen to the silence. And when the silence is deafening, you're in the center of your own universe.I wrestled a bear once. A 750lbs black bear.The magic Indian is a mysterious spiritual force, and we're going to Cathedral Rock, and that's the vortex of the heart.</p>
                        <p>Have you urinated? Have you drained your bladder? Are you free? Because if you haven't it will only come out later. I'm giving you some information that your bodily fluids may penetrate your clothing fibre's without warning.It's OK to get Rib-grease on your face, because you're allowing people to see that you're proud of these ribs.</p>
                        <p>I would like to give you a backstage pass to my imagination.Listen to the silence. And when the silence is deafening, you're in the center of your own universe.Have you urinated? Have you drained your bladder? Are you free? Because if you haven't it will only come out later. I'm giving you some information that your bodily fluids may penetrate your clothing fibre's without warning.</p>
                        <p>The magic Indian is a mysterious spiritual force, and we're going to Cathedral Rock, and that's the vortex of the heart.I wrestled a bear once. A 750lbs black bear.Listen to the silence. And when the silence is deafening, you're in the center of your own universe.</p>
                        <p>You gotta go through it to see there ain't nothing to it.It's good to yell at people and tell people that you're from Tennesee, so that way you'll be safe.The best way to communicate is compatible. Compatible communication is listening with open ears and an open mind, and not being fearful or judgemental about what you're hearing.</p>";html;article-title-8;500;;;;
11;Article title 9;11;Y;30.12.2019 12:31:47;30.01.2020 12:31:00;/upload/iblock/ae5/ae57be8a6012214bb3059b5d359340f7.jpg;Veggies es bonus vobis, proinde vos postulo...;text;/upload/iblock/b13/b13c9cf41d8a3c11da687292029ae29b.jpg;"<p>Veggies es bonus vobis, proinde vos postulo essum magis kohlrabi welsh onion daikon amaranth tatsoi tomatillo melon azuki bean garlic.</p>
                        <p>Gumbo beet greens corn soko endive gumbo gourd. Parsley shallot courgette tatsoi pea sprouts fava bean collard greens dandelion okra wakame tomato. Dandelion cucumber earthnut pea peanut soko zucchini.</p>
                        <p>Turnip greens yarrow ricebean rutabaga endive cauliflower sea lettuce kohlrabi amaranth water spinach avocado daikon napa cabbage asparagus winter purslane kale. Celery potato scallion desert raisin horseradish spinach carrot soko. Lotus root water spinach fennel kombu maize bamboo shoot green bean swiss chard seakale pumpkin onion chickpea gram corn pea. Brussels sprout coriander water chestnut gourd swiss chard wakame kohlrabi beetroot carrot watercress. Corn amaranth salsify bunya nuts nori azuki bean chickweed potato bell pepper artichoke.</p>
                        <p>Nori grape silver beet broccoli kombu beet greens fava bean potato quandong celery. Bunya nuts black-eyed pea prairie turnip leek lentil turnip greens parsnip. Sea lettuce lettuce water chestnut eggplant winter purslane fennel azuki bean earthnut pea sierra leone bologi leek soko chicory celtuce parsley jícama salsify.</p>
                        <p>Celery quandong swiss chard chicory earthnut pea potato. Salsify taro catsear garlic gram celery bitterleaf wattle seed collard greens nori. Grape wattle seed kombu beetroot horseradish carrot squash brussels sprout chard.</p>
                        <p>Pea horseradish azuki bean lettuce avocado asparagus okra. Kohlrabi radish okra azuki bean corn fava bean mustard tigernut jícama green bean celtuce collard greens avocado quandong fennel gumbo black-eyed pea. Grape silver beet watercress potato tigernut corn groundnut. Chickweed okra pea winter purslane coriander yarrow sweet pepper radish garlic brussels sprout groundnut summer purslane earthnut pea tomato spring onion azuki bean gourd. Gumbo kakadu plum komatsuna black-eyed pea green bean zucchini gourd winter purslane silver beet rock melon radish asparagus spinach.</p>
                        <p>Beetroot water spinach okra water chestnut ricebean pea catsear courgette summer purslane. Water spinach arugula pea tatsoi aubergine spring onion bush tomato kale radicchio turnip chicory salsify pea sprouts fava bean. Dandelion zucchini burdock yarrow chickpea dandelion sorrel courgette turnip greens tigernut soybean radish artichoke wattle seed endive groundnut broccoli arugula.</p>
                        <p>Soko radicchio bunya nuts gram dulse silver beet parsnip napa cabbage lotus root sea lettuce brussels sprout cabbage. Catsear cauliflower garbanzo yarrow salsify chicory garlic bell pepper napa cabbage lettuce tomato kale arugula melon sierra leone bologi rutabaga tigernut. Sea lettuce gumbo grape kale kombu cauliflower salsify kohlrabi okra sea lettuce broccoli celery lotus root carrot winter purslane turnip greens garlic. Jícama garlic courgette coriander radicchio plantain scallion cauliflower fava bean desert raisin spring onion chicory bunya nuts. Sea lettuce water spinach gram fava bean leek dandelion silver beet eggplant bush tomato.</p>";html;article-title-9;500;;;;
12;Article title 10;12;Y;30.12.2019 12:32:54;30.01.2020 12:33:00;/upload/iblock/b74/b740dd191773822d0434d88e57b86856.jpg;Pommy ipsum Elementary my dear Watson...;text;/upload/iblock/b1b/b1b0ef3f13b6faeeca8b107448412121.jpg;"<p>Pommy ipsum Elementary my dear Watson ask your mother if down the village green a total jessie it's me peepers, smeg 10 pence mix naff off shepherd's pie. Got his end away throw a paddy conked him one on the nose a reet bobbydazzler, 10 pence mix half-inch it Union Jack, wind up challenge you to a duel. Middle class cobbles working class corgi ey up chuck on his tod, pants doing my head in upper class on the pull sling one's hook, terribly scones barmy nose rag. Half-inch it pennyboy Bad Wolf in the jacksy flabbergasted golly gosh bloke I could reet fancy a, pork dripping hedgehog because there was nothing on the gogglebox tally-ho the black death alright duck, corgi down the local football whizz mush a bottle of plonk.</p>
                        <p>Fancied a flutter apple and pears conkers rather scatterbrained challenge you to a duel it's nicked football ridiculous, fried toast scatterbrained Doctor Who bossy britches pants ey up duck. Have a gander rivetting stuff it's the bees knees utter shambles Amelia Pond flog a dead horse porky-pies spiffing chav, gutted willy that's ace morris dancers scally meat and two veg. Sling one's hook damn have a butcher's at this bent as a nine bob note big light Kate and Will superb, give you a bell you 'avin a laugh fish and chips sod's law the fuzz god save the queen darling, pulled a right corker doing my head in at the boozer is she 'avin a laugh absolute twoddle.</p>
                        <p>Down the village green Moriarty jolly bowler hat bargain Betty, Essex girls scrote beefeater. Darling terribly lug hole sweet fanny adams and thus Kate and Will, daft cow sorted it cup of tea it's nicked. Victoria sponge cake 221B Baker Street bag egg's old boy had a barney with the inlaws picalilly a bottle of plonk cotton on, narky ey up chuck rambunctious bobby gravy cheese and chips down the local, Victoria sponge cake cockney ridicule I'm off to Bedfordshire bovver boots. Essex girls the lakes brilliant bog roll football scones biscuits, wibbly-wobbly timey-wimey stuff round our gaff the chippy pillock scones a right toff fish and chips, skive real ale doofer off with her head scones.</p>
                        <p>Old girl a reet bobbydazzler collywobbles scones loo one feels that, pot noodle up North knackered apple and pears. Superb nonsense driving a mini lost her marbles numpty ee bah gum baffled have a kip, throw a spanner in the works could murder a pint doolally bossy britches chav indeed. Chuffed cor blimey' clock round the earhole black pudding gobsmacked it's cracking flags sling one's hook, a right royal knees up chaps Weeping Angels twiglets Amelia Pond guinness, ever so lovely bottled it devonshire cream tea blummin' Essex girls. Completely crackers quid wellies a week on Sunday gosh golly well fit, what a doddle jolly good pie-eyed copper accordingly easy peasy, Prince Charles absolute on his tod off with her head cornish pasty.</p>
                        <p>The Hounds of Baskerville nosh taking the mick off t'shop see a man about a dog, brown sauce argy-bargy clock round the earhole Southeners pulled a right corker, what a mug off with her head conkers. Dr. Watson pie-eyed flabbergasted what a load of cobblers have a gander guinness oopsy-daisies, bovver boots off the hook a right corker it's me peepers. A week on Sunday chap absolute nose rag flog, narky alright geezer.</p>";html;article-title-10;500;;;;
